purchase_make,purchase_model,purchase_vehicle_year,purchase_price_LB,trade_in,vehicle_financing,customer_income,customer_gender,AgeBin,made_in,job_assign,Labels
KIA,RONDO,2009,10001.0,1,1,60001 - 80000,F,Forties,SOUTH KOREA,"Arbitrators, Mediators, and Conciliators",3
KIA,SEDONA,2010,15001.0,0,1,60001 - 80000,F,Thirties,SOUTH KOREA,Insurance Underwriters,3
KIA,RONDO,2007,10001.0,0,1,20001 - 40000,F,Thirties,SOUTH KOREA,"Electrical, Electronic, and Electromechanical Assemblers, Except Coil Winders, Tapers, and Finishers",3
KIA,SEDONA,2006,10001.0,1,0,20001 - 40000,F,Thirties,SOUTH KOREA,"Switchboard Operators, Including Answering Service",3
KIA,SEDONA,2011,15001.0,1,1,20001 - 40000,F,Fifties,SOUTH KOREA,Print Binding and Finishing Workers,3
KIA,SEDONA,2012,15001.0,1,0,0 - 20000,M,Forties,SOUTH KOREA,Miscellaneous Educational Instruction and Library Workers,3
KIA,RONDO,2008,10001.0,0,1,0 - 20000,F,Sixties,SOUTH KOREA,Helpers--Production Workers,3
KIA,SEDONA,2007,10001.0,1,1,40001 - 60000,F,Sixties,SOUTH KOREA,Hazardous Materials Removal Workers,3
KIA,SEDONA,2008,10001.0,1,1,80001 - 100000,U,Forties,SOUTH KOREA,First-Line Supervisors of Police and Detectives,3
KIA,RONDO,2009,10001.0,0,1,20001 - 40000,F,Forties,SOUTH KOREA,Pharmacy Aides,3
KIA,SEDONA,2010,10001.0,1,1,20001 - 40000,F,Thirties,SOUTH KOREA,Packaging and Filling Machine Operators and Tenders,3
KIA,SEDONA,2005,5001.0,0,1,0 - 20000,F,Forties,SOUTH KOREA,"Locker Room, Coatroom, and Dressing Room Attendants",3
KIA,SEDONA,2007,10001.0,1,1,20001 - 40000,F,Thirties,SOUTH KOREA,Animal Control Workers,3
KIA,SEDONA,2011,15001.0,0,1,160001 - 180000,M,Forties,SOUTH KOREA,Nurse Anesthetists,3
KIA,SEDONA,2012,15001.0,0,1,40001 - 60000,M,Fifties,SOUTH KOREA,"Production, Planning, and Expediting Clerks",3
KIA,RONDO,2008,10001.0,0,0,20001 - 40000,U,Forties,SOUTH KOREA,"Food Servers, Nonrestaurant",3
KIA,RONDO,2008,5001.0,1,1,20001 - 40000,M,Twenties,SOUTH KOREA,"Electronic Equipment Installers and Repairers, Motor Vehicles",3
KIA,SEDONA,2008,10001.0,1,1,0 - 20000,U,Twenties,SOUTH KOREA,"Lifeguards, Ski Patrol, and Other Recreational Protective Service Workers",3
KIA,SEDONA,2012,15001.0,1,1,20001 - 40000,F,Sixties,SOUTH KOREA,"Interviewers, Except Eligibility and Loan",3
KIA,SEDONA,2009,10001.0,1,1,80001 - 100000,M,Forties,SOUTH KOREA,Detectives and Criminal Investigators,3
KIA,SEDONA,2011,10001.0,0,1,40001 - 60000,M,Sixties,SOUTH KOREA,Geological and Hydrologic Technicians,3
KIA,SEDONA,2012,15001.0,0,1,40001 - 60000,M,Thirties,SOUTH KOREA,Social Workers,3
KIA,SEDONA,2006,5001.0,1,0,0 - 20000,F,Thirties,SOUTH KOREA,Photographers,3
KIA,SEDONA,2003,5001.0,1,1,20001 - 40000,F,Twenties,SOUTH KOREA,"Machine Tool Cutting Setters, Operators, and Tenders, Metal and Plastic",3
KIA,RONDO,2007,10001.0,1,0,20001 - 40000,F,Thirties,SOUTH KOREA,"Helpers--Painters, Paperhangers, Plasterers, and Stucco Masons",3
KIA,SEDONA,2008,10001.0,0,1,20001 - 40000,M,Thirties,SOUTH KOREA,"Preschool Teachers, Except Special Education",3
KIA,RONDO,2008,10001.0,1,1,0 - 20000,F,Forties,SOUTH KOREA,Personal Appearance Workers,3
KIA,SEDONA,2012,15001.0,1,1,40001 - 60000,F,Thirties,SOUTH KOREA,"Property, Real Estate, and Community Association Managers",3
KIA,RONDO,2008,10001.0,0,1,60001 - 80000,M,Fifties,SOUTH KOREA,"Art, Drama, and Music Teachers, Postsecondary",3
KIA,SEDONA,2006,10001.0,0,1,40001 - 60000,M,Forties,SOUTH KOREA,Structural Iron and Steel Workers,3
KIA,RONDO,2009,10001.0,1,1,60001 - 80000,F,Thirties,SOUTH KOREA,"Arts, Communications, History, and Humanities Teachers, Postsecondary",3
KIA,SEDONA,2007,10001.0,1,1,0 - 20000,M,Sixties,SOUTH KOREA,Retail Sales Workers,3
KIA,SEDONA,2009,10001.0,0,1,0 - 20000,F,Thirties,SOUTH KOREA,"Athletes, Coaches, Umpires, and Related Workers",3
KIA,SEDONA,2011,15001.0,1,1,40001 - 60000,F,Forties,SOUTH KOREA,Medical Appliance Technicians,3
KIA,RONDO,2009,10001.0,0,1,20001 - 40000,F,Forties,SOUTH KOREA,Building Cleaning and Pest Control Workers,3
KIA,SEDONA,2010,15001.0,0,1,40001 - 60000,M,Thirties,SOUTH KOREA,Curators,3
KIA,SEDONA,2012,15001.0,1,0,60001 - 80000,M,Thirties,SOUTH KOREA,Gas Compressor and Gas Pumping Station Operators,3
KIA,RONDO,2007,10001.0,0,1,0 - 20000,F,Twenties,SOUTH KOREA,Home Health and Personal Care Aides,3
KIA,SEDONA,2008,10001.0,1,1,40001 - 60000,M,Forties,SOUTH KOREA,Supervisors of Building and Grounds Cleaning and Maintenance Workers,3
KIA,SEDONA,2011,15001.0,0,1,40001 - 60000,M,Thirties,SOUTH KOREA,Hazardous Materials Removal Workers,3
KIA,SEDONA,2010,10001.0,1,1,20001 - 40000,F,Thirties,SOUTH KOREA,Shoe and Leather Workers and Repairers,3
KIA,SEDONA,2005,5001.0,0,1,20001 - 40000,F,Twenties,SOUTH KOREA,Helpers--Roofers,3
KIA,SEDONA,2012,20001.0,1,1,100001 - 120000,U,Sixties,SOUTH KOREA,Chemical Engineers,3
KIA,RONDO,2008,10001.0,0,0,?,M,Forties,SOUTH KOREA,Cooks,3
KIA,SEDONA,2007,10001.0,0,1,20001 - 40000,U,Sixties,SOUTH KOREA,Gambling Services Workers,3
KIA,SEDONA,2012,15001.0,1,1,0 - 20000,F,Sixties,SOUTH KOREA,Animal Trainers,3
KIA,SEDONA,2008,10001.0,1,0,?,M,Thirties,SOUTH KOREA,Barbers,3
KIA,SEDONA,2012,15001.0,0,1,20001 - 40000,F,Fifties,SOUTH KOREA,"Crushing, Grinding, and Polishing Machine Setters, Operators, and Tenders",3
KIA,RONDO,2008,5001.0,0,1,0 - 20000,F,Sixties,SOUTH KOREA,"Cooks, Short Order",3
KIA,SEDONA,2003,5001.0,0,1,40001 - 60000,U,Forties,SOUTH KOREA,"Pump Operators, Except Wellhead Pumpers",3
KIA,SEDONA,2009,10001.0,1,1,40001 - 60000,U,Thirties,SOUTH KOREA,Agricultural and Food Science Technicians,3
KIA,SEDONA,2011,10001.0,0,1,20001 - 40000,F,Thirties,SOUTH KOREA,"Extruding, Forming, Pressing, and Compacting Machine Setters, Operators, and Tenders",3
KIA,RONDO,2007,10001.0,0,1,20001 - 40000,F,Fifties,SOUTH KOREA,"First-Line Supervisors of Personal Service and Entertainment and Recreation Workers, Except Gambling Services",3
KIA,SEDONA,2012,15001.0,0,1,20001 - 40000,F,Thirties,SOUTH KOREA,"Woodworkers, All Other",3
KIA,SEDONA,2012,15001.0,1,1,20001 - 40000,M,Thirties,SOUTH KOREA,"Food Servers, Nonrestaurant",3
KIA,SEDONA,2006,5001.0,0,1,40001 - 60000,M,Fifties,SOUTH KOREA,Computer Numerically Controlled Tool Operators and Programmers,3
KIA,SEDONA,2010,15001.0,0,1,20001 - 40000,M,Thirties,SOUTH KOREA,Upholsterers,3
KIA,SEDONA,2008,10001.0,0,1,20001 - 40000,F,Thirties,SOUTH KOREA,"Inspectors, Testers, Sorters, Samplers, and Weighers",3
KIA,SEDONA,2009,10001.0,0,1,60001 - 80000,M,Twenties,SOUTH KOREA,"Arbitrators, Mediators, and Conciliators",3
KIA,RONDO,2008,10001.0,1,1,40001 - 60000,M,Thirties,SOUTH KOREA,Brokerage Clerks,3
KIA,SEDONA,2007,10001.0,1,1,40001 - 60000,M,Fifties,SOUTH KOREA,Carpet Installers,3
KIA,RONDO,2009,10001.0,1,1,20001 - 40000,M,Thirties,SOUTH KOREA,"Nursing Assistants, Orderlies, and Psychiatric Aides",3
KIA,SEDONA,2006,10001.0,0,1,40001 - 60000,F,Forties,SOUTH KOREA,Computer Numerically Controlled Tool Programmers,3
KIA,SEDONA,2008,10001.0,1,1,20001 - 40000,M,Forties,SOUTH KOREA,"Helpers--Painters, Paperhangers, Plasterers, and Stucco Masons",3
KIA,SEDONA,2011,15001.0,1,1,160001 - 180000,M,Forties,SOUTH KOREA,Nurse Anesthetists,3
KIA,SEDONA,2010,10001.0,0,1,60001 - 80000,M,Forties,SOUTH KOREA,Zoologists and Wildlife Biologists,3
KIA,RONDO,2007,10001.0,0,0,?,F,Fifties,SOUTH KOREA,Wellhead Pumpers,3
KIA,RONDO,2009,10001.0,0,1,80001 - 100000,M,Thirties,SOUTH KOREA,Database and Network Administrators and Architects,3
KIA,RONDO,2008,10001.0,0,1,20001 - 40000,F,Fifties,SOUTH KOREA,"Heat Treating Equipment Setters, Operators, and Tenders, Metal and Plastic",3
KIA,SEDONA,2012,15001.0,1,0,20001 - 40000,F,Thirties,SOUTH KOREA,"Pourers and Casters, Metal",3
KIA,SEDONA,2012,20001.0,1,1,120001 - 140000,M,Fifties,SOUTH KOREA,Advertising and Promotions Managers,3
KIA,SEDONA,2005,10001.0,1,1,20001 - 40000,M,Sixties,SOUTH KOREA,"Drilling and Boring Machine Tool Setters, Operators, and Tenders, Metal and Plastic",3
KIA,SEDONA,2012,15001.0,0,1,80001 - 100000,M,Forties,SOUTH KOREA,Geographers,3
KIA,SEDONA,2009,10001.0,1,1,20001 - 40000,F,Thirties,SOUTH KOREA,Recreation Workers,3
KIA,SEDONA,2008,10001.0,0,1,20001 - 40000,M,Sixties,SOUTH KOREA,Textile Bleaching and Dyeing Machine Operators and Tenders,3
KIA,SEDONA,2011,15001.0,0,1,20001 - 40000,M,Thirties,SOUTH KOREA,"Pourers and Casters, Metal",3
KIA,SEDONA,2012,15001.0,1,1,40001 - 60000,F,Fifties,SOUTH KOREA,Cardiovascular Technologists and Technicians,3
KIA,SEDONA,2007,10001.0,0,1,0 - 20000,M,Sixties,SOUTH KOREA,Recreation and Fitness Workers,3
KIA,RONDO,2008,10001.0,0,0,40001 - 60000,F,Thirties,SOUTH KOREA,Carpenters,3
KIA,RONDO,2008,5001.0,0,1,20001 - 40000,F,Twenties,SOUTH KOREA,"Gambling Service Workers, All Other",3
KIA,SEDONA,2003,5001.0,0,1,20001 - 40000,M,Forties,SOUTH KOREA,Automotive Glass Installers and Repairers,3
KIA,SEDONA,2012,15001.0,0,1,40001 - 60000,F,Twenties,SOUTH KOREA,Brokerage Clerks,3
KIA,SEDONA,2006,5001.0,0,1,20001 - 40000,F,Thirties,SOUTH KOREA,Cashiers,3
KIA,SEDONA,2008,10001.0,0,1,20001 - 40000,F,Thirties,SOUTH KOREA,Material Moving Workers,3
KIA,SEDONA,2009,10001.0,0,0,?,M,Fifties,SOUTH KOREA,"Librarians, Curators, and Archivists",3
KIA,SEDONA,2012,15001.0,1,1,160001 - 180000,M,Thirties,SOUTH KOREA,"Pediatricians, General",3
KIA,SEDONA,2010,15001.0,0,1,20001 - 40000,M,Twenties,SOUTH KOREA,Miscellaneous Agricultural Workers,3
KIA,RONDO,2007,10001.0,0,1,100001 - 120000,M,Fifties,SOUTH KOREA,Training and Development Managers,3
KIA,SEDONA,2010,15001.0,1,1,0 - 20000,M,Eighties,SOUTH KOREA,"Textile Cutting Machine Setters, Operators, and Tenders",3
KIA,RONDO,2008,10001.0,1,1,20001 - 40000,F,Thirties,SOUTH KOREA,Miscellaneous Woodworkers,3
KIA,RONDO,2009,10001.0,1,1,20001 - 40000,F,Thirties,SOUTH KOREA,Miscellaneous Sales and Related Workers,3
KIA,SEDONA,2008,10001.0,1,1,60001 - 80000,M,Thirties,SOUTH KOREA,Historians,3
KIA,SEDONA,2006,10001.0,0,1,0 - 20000,F,Forties,SOUTH KOREA,"Gambling Service Workers, All Other",3
KIA,SEDONA,2011,15001.0,1,1,40001 - 60000,M,Thirties,SOUTH KOREA,Health Technologists and Technicians,3
KIA,SEDONA,2010,10001.0,0,1,100001 - 120000,F,Forties,SOUTH KOREA,Industrial Production Managers,3
KIA,SEDONA,2012,20001.0,1,1,40001 - 60000,F,Forties,SOUTH KOREA,Mechanical Engineering Technologists and Technicians,3
KIA,SEDONA,2007,10001.0,1,1,20001 - 40000,F,Fifties,SOUTH KOREA,"Grinding and Polishing Workers, Hand",3
KIA,RONDO,2007,10001.0,0,0,40001 - 60000,M,Thirties,SOUTH KOREA,Mechanical Drafters,3
KIA,RONDO,2008,10001.0,0,1,40001 - 60000,F,Forties,SOUTH KOREA,"Heating, Air Conditioning, and Refrigeration Mechanics and Installers",3
KIA,SEDONA,2007,10001.0,0,1,20001 - 40000,M,Fifties,SOUTH KOREA,"Textile Machine Setters, Operators, and Tenders",3
KIA,SEDONA,2012,15001.0,1,0,?,F,Thirties,SOUTH KOREA,Helpers--Electricians,3
KIA,RONDO,2008,5001.0,0,1,0 - 20000,F,Twenties,SOUTH KOREA,"Food Servers, Nonrestaurant",3
KIA,SEDONA,2012,15001.0,1,1,20001 - 40000,M,Fifties,SOUTH KOREA,"Lifeguards, Ski Patrol, and Other Recreational Protective Service Workers",3
KIA,RONDO,2007,5001.0,1,1,0 - 20000,F,Forties,SOUTH KOREA,Sales and Related Occupations,3
KIA,SEDONA,2005,10001.0,1,1,100001 - 120000,F,Thirties,SOUTH KOREA,Aerospace Engineers,3
KIA,RONDO,2009,10001.0,0,1,40001 - 60000,F,Thirties,SOUTH KOREA,Music Directors and Composers,3
KIA,SEDONA,2012,15001.0,0,1,80001 - 100000,F,Forties,SOUTH KOREA,Nuclear Technicians,3
KIA,SEDONA,2008,10001.0,0,1,0 - 20000,F,Sixties,SOUTH KOREA,Bakers,3
KIA,SEDONA,2011,15001.0,0,1,20001 - 40000,F,Thirties,SOUTH KOREA,File Clerks,3
KIA,SEDONA,2006,10001.0,1,1,0 - 20000,M,Sixties,SOUTH KOREA,Animal Caretakers,3
KIA,SEDONA,2009,10001.0,1,1,20001 - 40000,F,HundredPlus,SOUTH KOREA,"Extruding and Forming Machine Setters, Operators, and Tenders, Synthetic and Glass Fibers",3
KIA,SEDONA,2010,15001.0,1,1,80001 - 100000,M,Fifties,SOUTH KOREA,Materials Engineers,3
KIA,SEDONA,2008,10001.0,0,1,0 - 20000,F,Twenties,SOUTH KOREA,Entertainment Attendants and Related Workers,3
KIA,SEDONA,2012,15001.0,1,1,40001 - 60000,F,Twenties,SOUTH KOREA,Water and Wastewater Treatment Plant and System Operators,3
KIA,SEDONA,2002,5001.0,0,1,40001 - 60000,M,Forties,SOUTH KOREA,Structural Iron and Steel Workers,3
KIA,RONDO,2007,10001.0,0,1,0 - 20000,M,Fifties,SOUTH KOREA,"Substitute Teachers, Short-Term",3
KIA,SEDONA,2012,15001.0,0,0,?,M,Sixties,SOUTH KOREA,"Lawyers, Judges, and Related Workers",3
KIA,SEDONA,2009,10001.0,0,0,?,F,Forties,SOUTH KOREA,"Preschool Teachers, Except Special Education",3
KIA,RONDO,2008,10001.0,1,1,200001+,F,Thirties,SOUTH KOREA,Family Medicine Physicians,3
KIA,RONDO,2009,10001.0,1,1,20001 - 40000,U,Twenties,SOUTH KOREA,"Farmworkers and Laborers, Crop, Nursery, and Greenhouse",3
KIA,SEDONA,2010,15001.0,0,0,0 - 20000,U,Forties,SOUTH KOREA,Cooks and Food Preparation Workers,3
KIA,SEDONA,2006,10001.0,0,1,60001 - 80000,U,Thirties,SOUTH KOREA,Ship and Boat Captains and Operators,3
KIA,SEDONA,2005,10001.0,1,0,?,F,Fifties,SOUTH KOREA,"Administrative Law Judges, Adjudicators, and Hearing Officers",3
KIA,SEDONA,2007,10001.0,1,1,40001 - 60000,M,Forties,SOUTH KOREA,Surveying and Mapping Technicians,3
KIA,RONDO,2008,10001.0,0,1,20001 - 40000,F,Forties,SOUTH KOREA,Nursing Assistants,3
KIA,SEDONA,2008,10001.0,0,1,0 - 20000,F,Sixties,SOUTH KOREA,Pharmacy Aides,3
KIA,SEDONA,2012,15001.0,1,0,0 - 20000,M,Twenties,SOUTH KOREA,"Door-to-Door Sales Workers, News and Street Vendors, and Related Workers",3
KIA,SEDONA,2012,15001.0,0,1,60001 - 80000,F,Forties,SOUTH KOREA,Air Transportation Workers,3
KIA,SEDONA,2011,15001.0,1,1,20001 - 40000,F,Thirties,SOUTH KOREA,"Grinding and Polishing Workers, Hand",3
KIA,SEDONA,2008,10001.0,1,1,40001 - 60000,M,Thirties,SOUTH KOREA,Supervisors of Building and Grounds Cleaning and Maintenance Workers,3
KIA,SEDONA,2010,10001.0,0,1,40001 - 60000,F,Thirties,SOUTH KOREA,Mechanical Engineering Technologists and Technicians,3
KIA,SEDONA,2012,20001.0,1,1,120001 - 140000,F,Thirties,SOUTH KOREA,Compensation and Benefits Managers,3
KIA,SEDONA,2011,15001.0,0,1,120001 - 140000,M,Thirties,SOUTH KOREA,Air Traffic Controllers,3
KIA,SEDONA,2007,10001.0,0,1,0 - 20000,F,Fifties,SOUTH KOREA,"Meat, Poultry, and Fish Cutters and Trimmers",3
KIA,RONDO,2008,10001.0,1,1,0 - 20000,U,Seventies,SOUTH KOREA,Helpers--Production Workers,3
KIA,RONDO,2007,5001.0,1,1,40001 - 60000,F,Twenties,SOUTH KOREA,Brokerage Clerks,3
KIA,SEDONA,2009,10001.0,1,0,40001 - 60000,M,Thirties,SOUTH KOREA,Forest and Conservation Technicians,3
KIA,RONDO,2009,10001.0,0,1,20001 - 40000,U,Twenties,SOUTH KOREA,Fiberglass Laminators and Fabricators,3
KIA,SEDONA,2012,15001.0,1,1,100001 - 120000,M,Fifties,SOUTH KOREA,Industrial Production Managers,3
KIA,SEDONA,2010,15001.0,1,1,40001 - 60000,M,Forties,SOUTH KOREA,"Eligibility Interviewers, Government Programs",3
KIA,SEDONA,2012,15001.0,0,0,?,F,Fifties,SOUTH KOREA,Couriers and Messengers,3
KIA,SEDONA,2008,10001.0,0,0,?,F,Sixties,SOUTH KOREA,Surveyors,3
KIA,RONDO,2010,10001.0,1,1,80001 - 100000,M,Thirties,SOUTH KOREA,"Geography Teachers, Postsecondary",3
KIA,SEDONA,2006,10001.0,1,1,80001 - 100000,F,Forties,SOUTH KOREA,Social Scientists and Related Workers,3
KIA,RONDO,2007,10001.0,0,1,40001 - 60000,F,Forties,SOUTH KOREA,Graphic Designers,3
KIA,RONDO,2008,10001.0,1,1,20001 - 40000,F,Twenties,SOUTH KOREA,Retail Salespersons,3
KIA,RONDO,2009,10001.0,1,1,0 - 20000,F,UnderTwenty,SOUTH KOREA,Waiters and Waitresses,3
KIA,SEDONA,2008,5001.0,1,1,0 - 20000,F,Forties,SOUTH KOREA,"Hairdressers, Hairstylists, and Cosmetologists",3
KIA,SEDONA,2012,15001.0,1,0,?,M,Eighties,SOUTH KOREA,Other Management Occupations,3
KIA,SEDONA,2011,15001.0,1,0,?,M,Forties,SOUTH KOREA,Bakers,3
KIA,SEDONA,2007,10001.0,1,1,20001 - 40000,M,Forties,SOUTH KOREA,Concierges,3
KIA,SEDONA,2006,10001.0,0,1,40001 - 60000,U,Thirties,SOUTH KOREA,"Morticians, Undertakers, and Funeral Arrangers",3
KIA,SEDONA,2012,15001.0,0,1,0 - 20000,F,Seventies,SOUTH KOREA,"Meat, Poultry, and Fish Cutters and Trimmers",3
KIA,RONDO,2008,10001.0,0,1,0 - 20000,F,Forties,SOUTH KOREA,Tour and Travel Guides,3
KIA,SEDONA,2008,10001.0,1,1,40001 - 60000,M,Thirties,SOUTH KOREA,"Information and Record Clerks, All Other",3
KIA,SEDONA,2010,10001.0,1,1,20001 - 40000,F,Fifties,SOUTH KOREA,Crossing Guards and Flaggers,3
KIA,RONDO,2009,10001.0,0,1,20001 - 40000,F,Twenties,SOUTH KOREA,Dishwashers,3
KIA,SEDONA,2007,10001.0,0,1,100001 - 120000,M,Forties,SOUTH KOREA,Nurse Midwives,3
KIA,SEDONA,2011,15001.0,0,0,20001 - 40000,U,Fifties,SOUTH KOREA,Social and Human Service Assistants,3
KIA,SEDONA,2010,10001.0,0,1,20001 - 40000,F,Thirties,SOUTH KOREA,Bartenders,3
KIA,SEDONA,2012,20001.0,1,0,100001 - 120000,M,Forties,SOUTH KOREA,Top Executives,3
KIA,SEDONA,2012,15001.0,1,1,80001 - 100000,F,Forties,SOUTH KOREA,"Data Scientists and Mathematical Science Occupations, All Other",3
KIA,SEDONA,2005,10001.0,0,1,0 - 20000,F,Seventies,SOUTH KOREA,Miscellaneous Entertainment Attendants and Related Workers,3
KIA,RONDO,2009,5001.0,0,1,100001 - 120000,M,Fifties,SOUTH KOREA,General and Operations Managers,3
KIA,RONDO,2008,10001.0,1,1,0 - 20000,M,Fifties,SOUTH KOREA,"Helpers--Installation, Maintenance, and Repair Workers",3
KIA,SEDONA,2010,15001.0,1,1,60001 - 80000,M,Thirties,SOUTH KOREA,Police and Sheriff's Patrol Officers,3
KIA,RONDO,2007,5001.0,0,1,80001 - 100000,M,Forties,SOUTH KOREA,"Industrial Engineers, Including Health and Safety",3
KIA,SEDONA,2012,15001.0,0,1,40001 - 60000,M,Forties,SOUTH KOREA,Jewelers and Precious Stone and Metal Workers,3
KIA,SEDONA,2008,10001.0,0,0,?,M,Fifties,SOUTH KOREA,Other Management Occupations,3
KIA,RONDO,2007,10001.0,0,1,20001 - 40000,F,Forties,SOUTH KOREA,"Passenger Vehicle Drivers, Except Bus Drivers, Transit and Intercity",3
KIA,SEDONA,2012,15001.0,0,0,200001+,M,Forties,SOUTH KOREA,General Internal Medicine Physicians,3
KIA,SEDONA,2008,10001.0,0,1,80001 - 100000,M,Forties,SOUTH KOREA,Bioengineers and Biomedical Engineers,3
KIA,SEDONA,2006,10001.0,1,1,40001 - 60000,M,Thirties,SOUTH KOREA,Logging Equipment Operators,3
KIA,SEDONA,2009,10001.0,0,1,80001 - 100000,F,Fifties,SOUTH KOREA,Construction Managers,3
KIA,SEDONA,2012,15001.0,1,0,?,M,Sixties,SOUTH KOREA,Supervisors of Building and Grounds Cleaning and Maintenance Workers,3
KIA,SEDONA,2008,5001.0,0,1,0 - 20000,F,Twenties,SOUTH KOREA,"Ushers, Lobby Attendants, and Ticket Takers",3
KIA,RONDO,2009,10001.0,0,1,20001 - 40000,M,Sixties,SOUTH KOREA,Childcare Workers,3
KIA,RONDO,2008,10001.0,1,0,?,F,Sixties,SOUTH KOREA,Bus and Truck Mechanics and Diesel Engine Specialists,3
KIA,SEDONA,2006,10001.0,0,1,40001 - 60000,M,Twenties,SOUTH KOREA,Media and Communication Workers,3
KIA,SEDONA,2012,20001.0,1,0,?,F,Forties,SOUTH KOREA,Insurance Sales Agents,3
KIA,SEDONA,2010,10001.0,1,1,80001 - 100000,F,Forties,SOUTH KOREA,Administrative Services and Facilities Managers,3
KIA,RONDO,2007,5001.0,0,1,20001 - 40000,F,Thirties,SOUTH KOREA,"Textile Machine Setters, Operators, and Tenders",3
KIA,SEDONA,2008,10001.0,1,1,20001 - 40000,F,Thirties,SOUTH KOREA,Helpers--Roofers,3
KIA,SEDONA,2011,15001.0,0,1,80001 - 100000,M,Fifties,SOUTH KOREA,Veterinarians,3
KIA,SEDONA,2005,10001.0,0,1,60001 - 80000,U,Twenties,SOUTH KOREA,"Actors, Producers, and Directors",3
KIA,SEDONA,2012,15001.0,0,1,40001 - 60000,M,Sixties,SOUTH KOREA,Glaziers,3
KIA,RONDO,2008,10001.0,0,1,40001 - 60000,F,Thirties,SOUTH KOREA,"Electrical and Electronics Repairers, Commercial and Industrial Equipment",3
KIA,SEDONA,2007,10001.0,0,1,20001 - 40000,M,Thirties,SOUTH KOREA,Dancers and Choreographers,3
KIA,SEDONA,2010,10001.0,0,0,?,F,Forties,SOUTH KOREA,"Patternmakers, Wood",3
KIA,RONDO,2009,10001.0,0,1,20001 - 40000,F,Twenties,SOUTH KOREA,"Office Clerks, General",3
KIA,SEDONA,2007,10001.0,1,1,60001 - 80000,F,Thirties,SOUTH KOREA,Emergency Management Directors,3
KIA,SEDONA,2012,15001.0,0,1,40001 - 60000,F,Forties,SOUTH KOREA,Civil Engineering Technologists and Technicians,3
KIA,SEDONA,2012,15001.0,1,1,40001 - 60000,M,Forties,SOUTH KOREA,Jewelers and Precious Stone and Metal Workers,3
KIA,RONDO,2009,15001.0,1,1,0 - 20000,F,Twenties,SOUTH KOREA,Miscellaneous Entertainment Attendants and Related Workers,3
KIA,SEDONA,2008,10001.0,0,1,20001 - 40000,F,Forties,SOUTH KOREA,"Switchboard Operators, Including Answering Service",3
KIA,RONDO,2008,10001.0,1,1,0 - 20000,F,Fifties,SOUTH KOREA,Athletes and Sports Competitors,3
KIA,SEDONA,2009,10001.0,0,1,60001 - 80000,F,Forties,SOUTH KOREA,Boilermakers,3
KIA,SEDONA,2012,15001.0,0,0,0 - 20000,M,Thirties,SOUTH KOREA,"Lifeguards, Ski Patrol, and Other Recreational Protective Service Workers",3
KIA,RONDO,2007,10001.0,0,1,40001 - 60000,U,Thirties,SOUTH KOREA,"Service Unit Operators, Oil and Gas",3
KIA,SEDONA,2011,15001.0,0,0,200001+,M,Forties,SOUTH KOREA,Family Medicine Physicians,3
KIA,SEDONA,2010,15001.0,1,1,40001 - 60000,F,Thirties,SOUTH KOREA,Advertising Sales Agents,3
KIA,RONDO,2008,10001.0,1,0,20001 - 40000,F,Forties,SOUTH KOREA,Legislators,3
KIA,SEDONA,2012,15001.0,1,0,?,F,Sixties,SOUTH KOREA,Family Medicine Physicians,3
KIA,SEDONA,2006,10001.0,1,1,100001 - 120000,M,Thirties,SOUTH KOREA,Mathematicians,3
KIA,RONDO,2009,10001.0,0,1,60001 - 80000,F,Fifties,SOUTH KOREA,First-Line Supervisors of Firefighting and Prevention Workers,3
KIA,SEDONA,2010,10001.0,1,1,40001 - 60000,F,Forties,SOUTH KOREA,Bridge and Lock Tenders,3
KIA,SEDONA,2007,10001.0,1,1,20001 - 40000,U,Thirties,SOUTH KOREA,"Tailors, Dressmakers, and Custom Sewers",3
KIA,SEDONA,2011,15001.0,0,1,100001 - 120000,M,Fifties,SOUTH KOREA,Actuaries,3
KIA,SEDONA,2008,10001.0,1,1,60001 - 80000,M,Twenties,SOUTH KOREA,Air Transportation Workers,3
KIA,SEDONA,2007,5001.0,1,1,60001 - 80000,F,Fifties,SOUTH KOREA,"Life, Physical, and Social Science Occupations",3
KIA,SEDONA,2005,5001.0,1,1,60001 - 80000,U,Forties,SOUTH KOREA,Writers and Editors,3
KIA,RONDO,2008,10001.0,0,1,20001 - 40000,F,Thirties,SOUTH KOREA,Data Entry Keyers,3
KIA,SEDONA,2012,15001.0,0,1,100001 - 120000,F,Sixties,SOUTH KOREA,Astronomers,3
KIA,SEDONA,2008,15001.0,0,1,20001 - 40000,M,Forties,SOUTH KOREA,"Extruding and Drawing Machine Setters, Operators, and Tenders, Metal and Plastic",3
KIA,SEDONA,2011,15001.0,0,0,0 - 20000,M,Thirties,SOUTH KOREA,Other Transportation Workers,3
KIA,RONDO,2007,5001.0,0,0,0 - 20000,F,Twenties,SOUTH KOREA,Miscellaneous Food Preparation and Serving Related Workers,3
KIA,SEDONA,2007,10001.0,0,1,20001 - 40000,F,Twenties,SOUTH KOREA,Photographic Process Workers and Processing Machine Operators,3
KIA,RONDO,2009,10001.0,0,0,60001 - 80000,U,Fifties,SOUTH KOREA,"Sales Representatives, Wholesale and Manufacturing",3
KIA,SEDONA,2004,5001.0,1,1,20001 - 40000,F,Forties,SOUTH KOREA,"Cooks, Institution and Cafeteria",3
KIA,SEDONA,2012,20001.0,0,1,0 - 20000,M,Sixties,SOUTH KOREA,Food Preparation Workers,3
KIA,SEDONA,2012,15001.0,1,1,140001 - 160000,M,Forties,SOUTH KOREA,Architectural and Engineering Managers,3
KIA,RONDO,2008,10001.0,1,1,40001 - 60000,U,Forties,SOUTH KOREA,"Eligibility Interviewers, Government Programs",3
KIA,SEDONA,2012,15001.0,0,1,0 - 20000,F,Forties,SOUTH KOREA,"Baggage Porters, Bellhops, and Concierges",3
KIA,SEDONA,2009,15001.0,1,1,60001 - 80000,M,HundredPlus,SOUTH KOREA,Gambling Managers,3
KIA,SEDONA,2008,10001.0,0,1,0 - 20000,M,Forties,SOUTH KOREA,Cooks and Food Preparation Workers,3
KIA,RONDO,2009,10001.0,1,1,0 - 20000,M,Seventies,SOUTH KOREA,Motion Picture Projectionists,3
KIA,SEDONA,2006,10001.0,1,1,20001 - 40000,M,Twenties,SOUTH KOREA,"Computer, Automated Teller, and Office Machine Repairers",3
KIA,SEDONA,2010,15001.0,0,1,20001 - 40000,F,Sixties,SOUTH KOREA,Landscaping and Groundskeeping Workers,3
KIA,SEDONA,2012,15001.0,1,0,?,M,Fifties,SOUTH KOREA,Food Cooking Machine Operators and Tenders,3
KIA,RONDO,2008,10001.0,1,0,?,F,Thirties,SOUTH KOREA,Hydrologists,3
KIA,SEDONA,2009,10001.0,0,1,120001 - 140000,M,Forties,SOUTH KOREA,Podiatrists,3
KIA,RONDO,2007,10001.0,0,1,40001 - 60000,F,Thirties,SOUTH KOREA,Carpenters,3
KIA,SEDONA,2012,15001.0,0,0,20001 - 40000,F,Twenties,SOUTH KOREA,Miscellaneous Food Processing Workers,3
KIA,SEDONA,2005,5001.0,1,1,40001 - 60000,F,Thirties,SOUTH KOREA,"Maintenance Workers, Machinery",3
KIA,SEDONA,2007,5001.0,0,1,40001 - 60000,M,Thirties,SOUTH KOREA,"Tank Car, Truck, and Ship Loaders",3
KIA,SEDONA,2008,10001.0,1,1,0 - 20000,M,Seventies,SOUTH KOREA,"Gambling Service Workers, All Other",3
KIA,RONDO,2009,10001.0,0,1,20001 - 40000,F,Fifties,SOUTH KOREA,"Helpers, Construction Trades",3
KIA,SEDONA,2007,10001.0,1,1,20001 - 40000,U,Thirties,SOUTH KOREA,Motion Picture Projectionists,3
KIA,SEDONA,2011,15001.0,0,1,40001 - 60000,M,Forties,SOUTH KOREA,"Bailiffs, Correctional Officers, and Jailers",3
KIA,RONDO,2008,10001.0,0,1,0 - 20000,F,Thirties,SOUTH KOREA,Laundry and Dry-Cleaning Workers,3
KIA,SEDONA,2010,10001.0,1,1,80001 - 100000,M,Thirties,SOUTH KOREA,Computer and Information Analysts,3
KIA,SEDONA,2012,20001.0,0,1,60001 - 80000,F,Thirties,SOUTH KOREA,"Electrical and Electronics Installers and Repairers, Transportation Equipment",3
KIA,SEDONA,2008,10001.0,1,1,40001 - 60000,M,Twenties,SOUTH KOREA,"Career/Technical Education Teachers, Postsecondary",3
KIA,RONDO,2009,10001.0,0,0,20001 - 40000,F,Forties,SOUTH KOREA,Painting Workers,3
KIA,RONDO,2008,10001.0,1,1,40001 - 60000,M,Forties,SOUTH KOREA,"Sales Representatives of Services, Except Advertising, Insurance, Financial Services, and Travel",3
KIA,SEDONA,2011,15001.0,0,0,?,M,Thirties,SOUTH KOREA,"First-Line Supervisors of Transportation and Material Moving Workers, Except Aircraft Cargo Handling Supervisors",3
KIA,RONDO,2007,10001.0,1,1,20001 - 40000,U,Fifties,SOUTH KOREA,"Hosts and Hostesses, Restaurant, Lounge, and Coffee Shop",3
KIA,SEDONA,2009,15001.0,1,0,?,F,Forties,SOUTH KOREA,"Substance Abuse, Behavioral Disorder, and Mental Health Counselors",3
KIA,SEDONA,2012,15001.0,0,1,80001 - 100000,M,Thirties,SOUTH KOREA,Medical Scientists,3
KIA,SEDONA,2012,15001.0,0,1,0 - 20000,F,Sixties,SOUTH KOREA,"Locker Room, Coatroom, and Dressing Room Attendants",3
KIA,SEDONA,2004,5001.0,0,0,20001 - 40000,F,Forties,SOUTH KOREA,"Inspectors, Testers, Sorters, Samplers, and Weighers",3
KIA,SEDONA,2008,10001.0,0,1,40001 - 60000,U,Thirties,SOUTH KOREA,Bus and Truck Mechanics and Diesel Engine Specialists,3
KIA,SEDONA,2006,5001.0,1,1,0 - 20000,F,Sixties,SOUTH KOREA,"School Bus Monitors and Protective Service Workers, All Other",3
KIA,SEDONA,2009,10001.0,0,1,60001 - 80000,M,Thirties,SOUTH KOREA,"Recreation and Fitness Studies Teachers, Postsecondary",3
KIA,SEDONA,2012,15001.0,1,1,0 - 20000,F,Forties,SOUTH KOREA,"Agricultural Workers, All Other",3
KIA,RONDO,2007,10001.0,0,1,40001 - 60000,F,Thirties,SOUTH KOREA,Brokerage Clerks,3
KIA,RONDO,2009,10001.0,0,1,40001 - 60000,M,Forties,SOUTH KOREA,"Life, Physical, and Social Science Technicians, All Other",3
KIA,SEDONA,2007,10001.0,1,1,20001 - 40000,M,Thirties,SOUTH KOREA,Barbers,3
KIA,SEDONA,2010,15001.0,0,1,60001 - 80000,M,Forties,SOUTH KOREA,Farm Labor Contractors,3
KIA,SEDONA,2012,15001.0,1,0,?,M,Fifties,SOUTH KOREA,Adhesive Bonding Machine Operators and Tenders,3
KIA,RONDO,2009,10001.0,1,1,80001 - 100000,M,Fifties,SOUTH KOREA,Statisticians,3
KIA,SEDONA,2012,10001.0,0,1,80001 - 100000,M,Fifties,SOUTH KOREA,Education and Childcare Administrators,3
KIA,SEDONA,2007,15001.0,1,0,60001 - 80000,F,Forties,SOUTH KOREA,"Lighting Technicians and Media and Communication Equipment Workers, All Other",3
KIA,SEDONA,2006,10001.0,1,1,20001 - 40000,M,UnderTwenty,SOUTH KOREA,Psychiatric Aides,3
KIA,SEDONA,2005,5001.0,0,1,40001 - 60000,U,Forties,SOUTH KOREA,Environmental Engineering Technologists and Technicians,3
KIA,RONDO,2008,10001.0,0,1,60001 - 80000,U,Sixties,SOUTH KOREA,Buyers and Purchasing Agents,3
KIA,SEDONA,2008,10001.0,1,1,40001 - 60000,F,Twenties,SOUTH KOREA,Procurement Clerks,3
KIA,SEDONA,2010,10001.0,1,1,40001 - 60000,M,Thirties,SOUTH KOREA,"Aircraft Structure, Surfaces, Rigging, and Systems Assemblers",3
KIA,SEDONA,2008,10001.0,1,1,20001 - 40000,F,Fifties,SOUTH KOREA,Tellers,3
KIA,SEDONA,2012,15001.0,1,1,0 - 20000,M,Seventies,SOUTH KOREA,Healthcare Support Occupations,3
KIA,RONDO,2009,10001.0,0,0,20001 - 40000,U,Thirties,SOUTH KOREA,Home Health and Personal Care Aides,3
KIA,SEDONA,2009,10001.0,1,1,0 - 20000,F,Sixties,SOUTH KOREA,Recreation and Fitness Workers,3
KIA,RONDO,2008,10001.0,0,1,40001 - 60000,M,Twenties,SOUTH KOREA,Security and Fire Alarm Systems Installers,3
KIA,SEDONA,2011,15001.0,0,1,40001 - 60000,F,Forties,SOUTH KOREA,Bridge and Lock Tenders,3
KIA,SEDONA,2004,10001.0,0,1,20001 - 40000,U,Fifties,SOUTH KOREA,Miscellaneous Office and Administrative Support Workers,3
KIA,SEDONA,2012,15001.0,0,1,60001 - 80000,F,Thirties,SOUTH KOREA,"Clinical, Counseling, and School Psychologists",3
KIA,RONDO,2009,10001.0,1,1,40001 - 60000,F,Fifties,SOUTH KOREA,Desktop Publishers,3
KIA,SEDONA,2006,5001.0,1,1,60001 - 80000,M,Thirties,SOUTH KOREA,Computer Network Support Specialists,3
KIA,SEDONA,2009,10001.0,0,1,20001 - 40000,U,Thirties,SOUTH KOREA,Veterinary Technologists and Technicians,3
KIA,SEDONA,2012,15001.0,0,1,80001 - 100000,M,Fifties,SOUTH KOREA,"Power Plant Operators, Distributors, and Dispatchers",3
KIA,SEDONA,2011,15001.0,0,0,20001 - 40000,F,Twenties,SOUTH KOREA,Motion Picture Projectionists,3
KIA,RONDO,2008,10001.0,1,1,20001 - 40000,F,Forties,SOUTH KOREA,"Shipping, Receiving, and Inventory Clerks",3
KIA,SEDONA,2010,10001.0,1,1,20001 - 40000,M,Thirties,SOUTH KOREA,"Production Workers, All Other",3
KIA,RONDO,2007,10001.0,1,1,0 - 20000,M,Forties,SOUTH KOREA,Laundry and Dry-Cleaning Workers,3
KIA,SEDONA,2012,15001.0,1,1,80001 - 100000,M,Thirties,SOUTH KOREA,Other Management Occupations,3
KIA,SEDONA,2008,10001.0,1,1,?,F,Fifties,SOUTH KOREA,Order Clerks,3
KIA,SEDONA,2011,20001.0,1,0,?,M,Forties,SOUTH KOREA,"Project Management Specialists and Business Operations Specialists, All Other",3
KIA,SEDONA,2010,15001.0,0,1,80001 - 100000,U,Thirties,SOUTH KOREA,"Forestry and Conservation Science Teachers, Postsecondary",3
KIA,RONDO,2007,10001.0,0,1,20001 - 40000,M,Thirties,SOUTH KOREA,Library Technicians,3
KIA,RONDO,2008,10001.0,0,1,0 - 20000,F,Sixties,SOUTH KOREA,Other Food Preparation and Serving Related Workers,3
KIA,SEDONA,2008,10001.0,0,1,40001 - 60000,M,Thirties,SOUTH KOREA,"Earth Drillers, Except Oil and Gas; and Explosives Workers, Ordnance Handling Experts, and Blasters",3
KIA,SEDONA,2012,15001.0,1,0,100001 - 120000,F,Forties,SOUTH KOREA,Nurse Practitioners,3
KIA,SEDONA,2006,10001.0,1,0,20001 - 40000,U,Thirties,SOUTH KOREA,"Mixing and Blending Machine Setters, Operators, and Tenders",3
KIA,SEDONA,2007,10001.0,1,1,40001 - 60000,U,Sixties,SOUTH KOREA,"Welding, Soldering, and Brazing Workers",3
KIA,SEDONA,2005,5001.0,0,1,0 - 20000,F,Forties,SOUTH KOREA,Fast Food and Counter Workers,3
KIA,SEDONA,2012,15001.0,1,1,40001 - 60000,F,Sixties,SOUTH KOREA,Set and Exhibit Designers,3
KIA,SEDONA,2007,10001.0,1,1,20001 - 40000,F,Thirties,SOUTH KOREA,Coaches and Scouts,3
KIA,SEDONA,2011,15001.0,0,1,20001 - 40000,M,Forties,SOUTH KOREA,Dishwashers,3
KIA,SEDONA,2006,5001.0,1,1,20001 - 40000,U,Twenties,SOUTH KOREA,Dining Room and Cafeteria Attendants and Bartender Helpers,3
KIA,SEDONA,2012,15001.0,0,1,80001 - 100000,M,Fifties,SOUTH KOREA,Psychologists,3
KIA,RONDO,2008,10001.0,0,1,20001 - 40000,F,Twenties,SOUTH KOREA,"Paper Goods Machine Setters, Operators, and Tenders",3
KIA,RONDO,2009,10001.0,0,1,40001 - 60000,F,Forties,SOUTH KOREA,"Earth Drillers, Except Oil and Gas; and Explosives Workers, Ordnance Handling Experts, and Blasters",3
KIA,RONDO,2008,5001.0,1,1,20001 - 40000,M,Forties,SOUTH KOREA,"Welding, Soldering, and Brazing Machine Setters, Operators, and Tenders",3
KIA,SEDONA,2008,10001.0,1,1,20001 - 40000,F,Twenties,SOUTH KOREA,Helpers--Production Workers,3
KIA,SEDONA,2003,5001.0,1,1,20001 - 40000,M,Thirties,SOUTH KOREA,Construction Laborers,3
KIA,RONDO,2007,10001.0,1,0,?,F,Sixties,SOUTH KOREA,Floral Designers,3
KIA,SEDONA,2012,15001.0,0,1,40001 - 60000,M,Thirties,SOUTH KOREA,Fish and Game Wardens,3
KIA,SEDONA,2012,15001.0,1,1,60001 - 80000,F,Thirties,SOUTH KOREA,Transportation Inspectors,3
KIA,SEDONA,2011,15001.0,1,1,40001 - 60000,M,Forties,SOUTH KOREA,Bus and Truck Mechanics and Diesel Engine Specialists,3
KIA,RONDO,2009,10001.0,1,1,40001 - 60000,F,Forties,SOUTH KOREA,Radio and Telecommunications Equipment Installers and Repairers,3
KIA,SEDONA,2006,10001.0,0,1,0 - 20000,F,Fifties,SOUTH KOREA,Personal Appearance Workers,3
KIA,SEDONA,2012,15001.0,1,0,?,F,Forties,SOUTH KOREA,Extraction Workers,3
KIA,SEDONA,2008,10001.0,0,1,20001 - 40000,U,Thirties,SOUTH KOREA,Dining Room and Cafeteria Attendants and Bartender Helpers,3
KIA,SEDONA,2009,10001.0,1,1,0 - 20000,M,Fifties,SOUTH KOREA,"Ushers, Lobby Attendants, and Ticket Takers",3
KIA,SEDONA,2011,10001.0,0,1,0 - 20000,M,Seventies,SOUTH KOREA,Tour and Travel Guides,3
KIA,SEDONA,2010,15001.0,0,1,60001 - 80000,F,Thirties,SOUTH KOREA,Microbiologists,3
KIA,SEDONA,2008,10001.0,1,1,60001 - 80000,M,Forties,SOUTH KOREA,Construction and Building Inspectors,3
KIA,RONDO,2007,10001.0,0,1,20001 - 40000,F,Twenties,SOUTH KOREA,Order Clerks,3
KIA,RONDO,2008,10001.0,1,1,100001 - 120000,F,Forties,SOUTH KOREA,"Economics Teachers, Postsecondary",3
KIA,RONDO,2008,10001.0,0,1,60001 - 80000,M,Fifties,SOUTH KOREA,Chiropractors,3
KIA,SEDONA,2009,10001.0,0,1,20001 - 40000,F,Thirties,SOUTH KOREA,"Inspectors, Testers, Sorters, Samplers, and Weighers",3
KIA,SEDONA,2010,10001.0,1,1,20001 - 40000,F,Thirties,SOUTH KOREA,Stockers and Order Fillers,3
KIA,RONDO,2009,10001.0,0,1,20001 - 40000,F,Forties,SOUTH KOREA,"Drilling and Boring Machine Tool Setters, Operators, and Tenders, Metal and Plastic",3
KIA,SEDONA,2005,5001.0,0,1,0 - 20000,U,Thirties,SOUTH KOREA,Counter and Rental Clerks,3
KIA,SEDONA,2012,15001.0,0,1,40001 - 60000,F,Fifties,SOUTH KOREA,Aircraft Cargo Handling Supervisors,3
KIA,SEDONA,2007,10001.0,1,1,20001 - 40000,M,Sixties,SOUTH KOREA,Reservation and Transportation Ticket Agents and Travel Clerks,3
KIA,SEDONA,2012,20001.0,1,1,40001 - 60000,M,Sixties,SOUTH KOREA,Computer Numerically Controlled Tool Operators,3
KIA,SEDONA,2007,10001.0,1,1,40001 - 60000,M,Twenties,SOUTH KOREA,"Media and Communication Workers, All Other",3
KIA,RONDO,2008,5001.0,1,0,?,M,Sixties,SOUTH KOREA,Miscellaneous Legal Support Workers,3
KIA,SEDONA,2012,15001.0,1,1,0 - 20000,M,Sixties,SOUTH KOREA,"Baggage Porters, Bellhops, and Concierges",3
KIA,SEDONA,2011,15001.0,0,1,60001 - 80000,M,Thirties,SOUTH KOREA,Miscellaneous Life Scientists,3
KIA,SEDONA,2003,5001.0,0,1,0 - 20000,F,Seventies,SOUTH KOREA,Tour and Travel Guides,3
KIA,SEDONA,2011,10001.0,0,1,60001 - 80000,M,Forties,SOUTH KOREA,Logisticians,3
KIA,RONDO,2008,10001.0,0,0,20001 - 40000,F,Forties,SOUTH KOREA,Fence Erectors,3
KIA,SEDONA,2006,5001.0,0,1,40001 - 60000,F,Sixties,SOUTH KOREA,Control and Valve Installers and Repairers,3
KIA,SEDONA,2009,10001.0,0,1,0 - 20000,F,Thirties,SOUTH KOREA,"Door-to-Door Sales Workers, News and Street Vendors, and Related Workers",3
KIA,RONDO,2009,10001.0,1,1,40001 - 60000,F,Thirties,SOUTH KOREA,First-Line Supervisors of Office and Administrative Support Workers,3
KIA,SEDONA,2012,15001.0,1,1,20001 - 40000,U,Thirties,SOUTH KOREA,Agricultural Workers,3
KIA,SEDONA,2010,15001.0,0,1,40001 - 60000,F,Thirties,SOUTH KOREA,Museum Technicians and Conservators,3
KIA,SEDONA,2008,10001.0,0,1,20001 - 40000,M,Thirties,SOUTH KOREA,Information and Record Clerks,3
KIA,SEDONA,2008,10001.0,1,0,40001 - 60000,F,Fifties,SOUTH KOREA,Agricultural Inspectors,3
KIA,RONDO,2007,10001.0,1,0,?,F,Thirties,SOUTH KOREA,Packaging and Filling Machine Operators and Tenders,3
KIA,SEDONA,2012,15001.0,1,0,40001 - 60000,F,Thirties,SOUTH KOREA,Educational Instruction and Library Occupations,3
KIA,RONDO,2008,10001.0,1,1,80001 - 100000,F,Thirties,SOUTH KOREA,Nuclear Technicians,3
KIA,SEDONA,2009,10001.0,1,1,20001 - 40000,F,Forties,SOUTH KOREA,Food Cooking Machine Operators and Tenders,3
KIA,SEDONA,2006,10001.0,0,1,40001 - 60000,F,Forties,SOUTH KOREA,Public Safety Telecommunicators,3
KIA,RONDO,2009,10001.0,0,1,160001 - 180000,F,Forties,SOUTH KOREA,"Pediatricians, General",3
KIA,SEDONA,2011,15001.0,1,1,20001 - 40000,M,Forties,SOUTH KOREA,"Multiple Machine Tool Setters, Operators, and Tenders, Metal and Plastic",3
KIA,RONDO,2008,10001.0,0,1,20001 - 40000,M,Fifties,SOUTH KOREA,Dietetic Technicians,3
KIA,RONDO,2007,10001.0,0,0,0 - 20000,U,Sixties,SOUTH KOREA,Cashiers,3
KIA,SEDONA,2007,10001.0,1,1,40001 - 60000,M,Fifties,SOUTH KOREA,Healthcare Social Workers,3
KIA,SEDONA,2012,15001.0,0,1,20001 - 40000,F,Thirties,SOUTH KOREA,Helpers--Extraction Workers,3
KIA,SEDONA,2007,10001.0,0,1,140001 - 160000,F,Sixties,SOUTH KOREA,Architectural and Engineering Managers,3
KIA,SEDONA,2011,15001.0,0,1,40001 - 60000,F,Thirties,SOUTH KOREA,"Human Resources Assistants, Except Payroll and Timekeeping",3
KIA,SEDONA,2012,15001.0,0,1,0 - 20000,U,Fifties,SOUTH KOREA,"Ambulance Drivers and Attendants, Except Emergency Medical Technicians",3
KIA,SEDONA,2010,10001.0,1,1,40001 - 60000,M,Twenties,SOUTH KOREA,Rail Car Repairers,3
KIA,SEDONA,2005,10001.0,1,1,0 - 20000,F,Seventies,SOUTH KOREA,Gambling Services Workers,3
KIA,SEDONA,2008,10001.0,1,1,40001 - 60000,M,Forties,SOUTH KOREA,Music Directors and Composers,3
KIA,SEDONA,2012,20001.0,1,1,0 - 20000,F,Sixties,SOUTH KOREA,"Motor Vehicle Operators, All Other",3
KIA,RONDO,2008,5001.0,0,1,80001 - 100000,F,Fifties,SOUTH KOREA,Commercial Pilots,3
KIA,SEDONA,2012,15001.0,1,1,80001 - 100000,M,Fifties,SOUTH KOREA,Veterinarians,3
KIA,SEDONA,2003,5001.0,0,1,40001 - 60000,F,Forties,SOUTH KOREA,"Metal Furnace Operators, Tenders, Pourers, and Casters",3
KIA,RONDO,2008,10001.0,0,0,60001 - 80000,M,Thirties,SOUTH KOREA,"Surveyors, Cartographers, and Photogrammetrists",3
KIA,SEDONA,2008,10001.0,1,0,?,F,Thirties,SOUTH KOREA,"Dentists, All Other Specialists",3
KIA,RONDO,2007,10001.0,0,1,200001+,M,Fifties,SOUTH KOREA,Family Medicine Physicians,3
KIA,SEDONA,2009,10001.0,1,1,40001 - 60000,F,Thirties,SOUTH KOREA,"Property, Real Estate, and Community Association Managers",3
KIA,SEDONA,2010,20001.0,1,1,40001 - 60000,F,Fifties,SOUTH KOREA,"Electric Motor, Power Tool, and Related Repairers",3
KIA,SEDONA,2009,10001.0,0,1,20001 - 40000,F,Twenties,SOUTH KOREA,Miscellaneous Assemblers and Fabricators,3
KIA,SEDONA,2006,10001.0,0,1,20001 - 40000,M,Forties,SOUTH KOREA,"Textile, Apparel, and Furnishings Workers",3
KIA,SEDONA,2008,10001.0,0,1,20001 - 40000,F,Thirties,SOUTH KOREA,Photographers,3
KIA,SEDONA,2012,15001.0,0,1,100001 - 120000,F,Thirties,SOUTH KOREA,Human Resources Managers,3
KIA,SEDONA,2012,20001.0,1,1,40001 - 60000,U,Forties,SOUTH KOREA,"Financial Clerks, All Other",3
KIA,RONDO,2009,10001.0,1,1,20001 - 40000,F,Thirties,SOUTH KOREA,Gambling Cage Workers,3
KIA,SEDONA,2012,15001.0,1,1,20001 - 40000,F,Thirties,SOUTH KOREA,Teaching Assistants,3
KIA,SEDONA,2008,10001.0,1,1,0 - 20000,F,Forties,SOUTH KOREA,"Production Workers, All Other",3
KIA,SEDONA,2006,5001.0,0,1,40001 - 60000,F,Thirties,SOUTH KOREA,Construction Equipment Operators,3
KIA,RONDO,2008,10001.0,1,1,40001 - 60000,F,Thirties,SOUTH KOREA,Miscellaneous Legal Support Workers,3
KIA,SEDONA,2011,15001.0,1,1,140001 - 160000,M,Forties,SOUTH KOREA,Computer and Information Systems Managers,3
KIA,RONDO,2008,10001.0,0,1,40001 - 60000,M,Forties,SOUTH KOREA,"Floor Layers, Except Carpet, Wood, and Hard Tiles",3
KIA,SEDONA,2003,10001.0,1,0,?,M,Sixties,SOUTH KOREA,"Bookkeeping, Accounting, and Auditing Clerks",3
KIA,SEDONA,2012,15001.0,1,0,?,F,Thirties,SOUTH KOREA,"Pressers, Textile, Garment, and Related Materials",3
KIA,SEDONA,2005,10001.0,1,1,40001 - 60000,F,Fifties,SOUTH KOREA,"Model Makers and Patternmakers, Metal and Plastic",3
KIA,RONDO,2007,10001.0,0,0,0 - 20000,F,Forties,SOUTH KOREA,Laundry and Dry-Cleaning Workers,3
KIA,SEDONA,2010,15001.0,0,1,20001 - 40000,F,Thirties,SOUTH KOREA,Information and Record Clerks,3
KIA,SEDONA,2010,10001.0,0,1,40001 - 60000,F,Forties,SOUTH KOREA,"Patternmakers, Metal and Plastic",3
KIA,SEDONA,2008,10001.0,0,1,0 - 20000,F,Sixties,SOUTH KOREA,Childcare Workers,3
KIA,SEDONA,2011,15001.0,0,1,20001 - 40000,M,Thirties,SOUTH KOREA,"Interviewers, Except Eligibility and Loan",3
KIA,SEDONA,2007,10001.0,1,1,40001 - 60000,F,Fifties,SOUTH KOREA,Payroll and Timekeeping Clerks,3
KIA,RONDO,2008,10001.0,0,0,?,M,Twenties,SOUTH KOREA,Nuclear Technicians,3
KIA,SEDONA,2009,10001.0,1,1,20001 - 40000,F,Twenties,SOUTH KOREA,Motorcycle Mechanics,3
KIA,SEDONA,2012,15001.0,1,1,20001 - 40000,M,Fifties,SOUTH KOREA,"Forging Machine Setters, Operators, and Tenders, Metal and Plastic",3
KIA,RONDO,2009,10001.0,0,1,60001 - 80000,F,Thirties,SOUTH KOREA,Diagnostic Medical Sonographers,3
KIA,SEDONA,2007,10001.0,0,1,40001 - 60000,F,Fifties,SOUTH KOREA,Supervisors of Personal Care and Service Workers,3
KIA,RONDO,2008,5001.0,0,1,20001 - 40000,F,Twenties,SOUTH KOREA,"Helpers, Construction Trades",3
KIA,SEDONA,2010,15001.0,1,1,20001 - 40000,M,Sixties,SOUTH KOREA,"Substitute Teachers, Short-Term",3
KIA,SEDONA,2012,15001.0,0,1,80001 - 100000,M,Forties,SOUTH KOREA,Industrial-Organizational Psychologists,3
KIA,SEDONA,2012,15001.0,0,0,20001 - 40000,F,Sixties,SOUTH KOREA,"Farmworkers, Farm, Ranch, and Aquacultural Animals",3
KIA,RONDO,2009,10001.0,1,1,40001 - 60000,M,Twenties,SOUTH KOREA,Computer Numerically Controlled Tool Programmers,3
KIA,RONDO,2007,10001.0,0,1,0 - 20000,M,Fifties,SOUTH KOREA,Parts Salespersons,3
KIA,SEDONA,2008,10001.0,0,1,0 - 20000,F,Thirties,SOUTH KOREA,"Packers and Packagers, Hand",3
KIA,SEDONA,2006,10001.0,0,1,0 - 20000,F,Forties,SOUTH KOREA,Cleaners of Vehicles and Equipment,3
KIA,SEDONA,2012,15001.0,1,0,40001 - 60000,M,Twenties,SOUTH KOREA,Survey Researchers,3
KIA,SEDONA,2010,15001.0,0,0,?,F,Fifties,SOUTH KOREA,"Engineering Teachers, Postsecondary",3
KIA,SEDONA,2006,5001.0,0,0,?,U,Fifties,SOUTH KOREA,Sociologists,3
KIA,SEDONA,2012,15001.0,1,1,0 - 20000,M,Thirties,SOUTH KOREA,Recreation and Fitness Workers,3
KIA,RONDO,2008,10001.0,1,1,20001 - 40000,F,Thirties,SOUTH KOREA,Childcare Workers,3
KIA,SEDONA,2008,10001.0,1,1,40001 - 60000,M,Thirties,SOUTH KOREA,"First-Line Supervisors of Farming, Fishing, and Forestry Workers",3
KIA,SEDONA,2009,10001.0,0,0,?,M,Forties,SOUTH KOREA,Architecture and Engineering Occupations,3
KIA,SEDONA,2011,15001.0,1,1,40001 - 60000,M,Thirties,SOUTH KOREA,Fish and Game Wardens,3
KIA,SEDONA,2005,10001.0,1,1,40001 - 60000,M,Unknown,SOUTH KOREA,Massage Therapists,3
KIA,SEDONA,2007,10001.0,0,1,20001 - 40000,M,Fifties,SOUTH KOREA,"Textile Winding, Twisting, and Drawing Out Machine Setters, Operators, and Tenders",3
KIA,SEDONA,2010,15001.0,1,1,80001 - 100000,F,Forties,SOUTH KOREA,Legal Occupations,3
KIA,RONDO,2009,10001.0,0,1,20001 - 40000,F,Thirties,SOUTH KOREA,"Production Workers, All Other",3
KIA,SEDONA,2007,10001.0,1,1,140001 - 160000,M,Fifties,SOUTH KOREA,Architectural and Engineering Managers,3
KIA,SEDONA,2012,20001.0,1,1,80001 - 100000,F,Thirties,SOUTH KOREA,Commercial Pilots,3
KIA,SEDONA,2008,10001.0,0,1,0 - 20000,F,Sixties,SOUTH KOREA,"Baggage Porters, Bellhops, and Concierges",3
KIA,SEDONA,2010,10001.0,0,1,?,M,Forties,SOUTH KOREA,Self-Enrichment Teachers,3
KIA,RONDO,2008,10001.0,0,1,20001 - 40000,F,Forties,SOUTH KOREA,"Crematory Operators and Personal Care and Service Workers, All Other",3
KIA,RONDO,2007,5001.0,1,1,20001 - 40000,F,Thirties,SOUTH KOREA,"Woodworking Machine Setters, Operators, and Tenders, Except Sawing",3
KIA,SEDONA,2011,15001.0,0,1,20001 - 40000,F,Thirties,SOUTH KOREA,Cashiers,3
KIA,SEDONA,2012,15001.0,0,1,60001 - 80000,M,Forties,SOUTH KOREA,Air Transportation Workers,3
KIA,SEDONA,2009,10001.0,1,0,20001 - 40000,F,Sixties,SOUTH KOREA,"Ushers, Lobby Attendants, and Ticket Takers",3
KIA,RONDO,2010,15001.0,1,1,0 - 20000,F,Seventies,SOUTH KOREA,"Library Assistants, Clerical",3
KIA,RONDO,2008,5001.0,0,0,0 - 20000,F,Thirties,SOUTH KOREA,Broadcast Announcers and Radio Disc Jockeys,3
KIA,SEDONA,2006,10001.0,1,1,0 - 20000,M,Sixties,SOUTH KOREA,"Food Servers, Nonrestaurant",3
KIA,SEDONA,2009,10001.0,0,0,?,M,Thirties,SOUTH KOREA,Operations Research Analysts,3
KIA,SEDONA,2012,15001.0,1,1,180001 - 200000,M,Fifties,SOUTH KOREA,Chief Executives,3
KIA,SEDONA,2006,10001.0,0,1,60001 - 80000,M,Thirties,SOUTH KOREA,Producers and Directors,3
KIA,SEDONA,2010,15001.0,0,0,?,M,Thirties,SOUTH KOREA,Chief Executives,3
KIA,SEDONA,2012,15001.0,0,0,60001 - 80000,F,Fifties,SOUTH KOREA,Supervisors of Protective Service Workers,3
KIA,RONDO,2008,10001.0,1,1,20001 - 40000,U,Twenties,SOUTH KOREA,"Pesticide Handlers, Sprayers, and Applicators, Vegetation",3
KIA,SEDONA,2012,15001.0,1,1,20001 - 40000,M,Twenties,SOUTH KOREA,Miscellaneous Protective Service Workers,3
KIA,SEDONA,2008,10001.0,0,0,?,M,Sixties,SOUTH KOREA,Forensic Science Technicians,3
KIA,SEDONA,2011,15001.0,1,1,0 - 20000,F,Thirties,SOUTH KOREA,Baggage Porters and Bellhops,3
KIA,RONDO,2007,10001.0,0,1,0 - 20000,F,Fifties,SOUTH KOREA,"Cooks, Short Order",3
KIA,SEDONA,2005,10001.0,0,1,0 - 20000,F,Eighties,SOUTH KOREA,Automotive and Watercraft Service Attendants,3
KIA,SEDONA,2007,10001.0,1,1,20001 - 40000,M,Forties,SOUTH KOREA,"Teaching Assistants, Except Postsecondary",3
KIA,SEDONA,2010,10001.0,0,1,20001 - 40000,M,Thirties,SOUTH KOREA,Recreation Workers,3
KIA,RONDO,2009,10001.0,1,1,20001 - 40000,M,Twenties,SOUTH KOREA,"Installation, Maintenance, and Repair Workers, All Other",3
KIA,RONDO,2008,10001.0,0,1,100001 - 120000,M,Forties,SOUTH KOREA,Sales Engineers,3
KIA,SEDONA,2012,20001.0,1,0,?,M,Sixties,SOUTH KOREA,"Lighting Technicians and Media and Communication Equipment Workers, All Other",3
KIA,SEDONA,2012,15001.0,1,0,?,M,Twenties,SOUTH KOREA,Postal Service Clerks,3
KIA,RONDO,2007,5001.0,0,1,20001 - 40000,F,Fifties,SOUTH KOREA,Textile Bleaching and Dyeing Machine Operators and Tenders,3
KIA,SEDONA,2008,10001.0,0,1,20001 - 40000,F,Fifties,SOUTH KOREA,Retail Salespersons,3
KIA,SEDONA,2008,10001.0,1,1,40001 - 60000,M,Thirties,SOUTH KOREA,Parking Enforcement Workers,3
KIA,SEDONA,2012,15001.0,0,1,40001 - 60000,M,Forties,SOUTH KOREA,Payroll and Timekeeping Clerks,3
KIA,SEDONA,2011,15001.0,0,0,?,F,Sixties,SOUTH KOREA,Medical Transcriptionists,3
KIA,SEDONA,2012,15001.0,0,0,200001+,M,Forties,SOUTH KOREA,General Internal Medicine Physicians,3
KIA,SEDONA,2007,10001.0,0,1,20001 - 40000,M,Forties,SOUTH KOREA,Other Teachers and Instructors,3
KIA,RONDO,2009,10001.0,0,1,20001 - 40000,M,Twenties,SOUTH KOREA,Gambling Surveillance Officers and Gambling Investigators,3
KIA,SEDONA,2009,10001.0,0,1,0 - 20000,F,Seventies,SOUTH KOREA,"School Bus Monitors and Protective Service Workers, All Other",3
KIA,SEDONA,2010,15001.0,1,1,80001 - 100000,M,Thirties,SOUTH KOREA,"Transportation, Storage, and Distribution Managers",3
KIA,SEDONA,2012,15001.0,1,1,80001 - 100000,M,Forties,SOUTH KOREA,"Engineering and Architecture Teachers, Postsecondary",3
KIA,SEDONA,2012,15001.0,1,0,?,M,Seventies,SOUTH KOREA,Registered Nurses,3
KIA,RONDO,2010,10001.0,0,1,40001 - 60000,F,Forties,SOUTH KOREA,Industrial Machinery Mechanics,3
KIA,RONDO,2008,10001.0,0,1,60001 - 80000,M,Thirties,SOUTH KOREA,Miscellaneous Healthcare Diagnosing or Treating Practitioners,3
KIA,RONDO,2008,10001.0,1,1,40001 - 60000,F,Sixties,SOUTH KOREA,Postal Service Clerks,3
KIA,SEDONA,2012,20001.0,1,0,?,M,Forties,SOUTH KOREA,"Patternmakers, Metal and Plastic",3
KIA,SEDONA,2006,10001.0,1,1,60001 - 80000,U,Forties,SOUTH KOREA,Instructional Coordinators,3
KIA,RONDO,2007,10001.0,0,1,20001 - 40000,M,Forties,SOUTH KOREA,Floor Sanders and Finishers,3
KIA,SEDONA,2008,10001.0,0,0,20001 - 40000,M,Fifties,SOUTH KOREA,Communications Equipment Operators,3
KIA,SEDONA,2010,10001.0,1,1,0 - 20000,U,Fifties,SOUTH KOREA,Entertainment Attendants and Related Workers,3
KIA,RONDO,2009,10001.0,0,1,20001 - 40000,F,Twenties,SOUTH KOREA,Dining Room and Cafeteria Attendants and Bartender Helpers,3
KIA,RONDO,2009,10001.0,0,1,20001 - 40000,M,Sixties,SOUTH KOREA,Tour and Travel Guides,3
KIA,RONDO,2008,10001.0,1,0,0 - 20000,F,Sixties,SOUTH KOREA,Animal Trainers,3
KIA,SEDONA,2011,15001.0,0,1,200001+,M,Seventies,SOUTH KOREA,Family Medicine Physicians,3
KIA,SEDONA,2007,10001.0,1,1,0 - 20000,F,Forties,SOUTH KOREA,"Umpires, Referees, and Other Sports Officials",3
KIA,SEDONA,2008,5001.0,0,1,40001 - 60000,M,Forties,SOUTH KOREA,Transportation Security Screeners,3
KIA,SEDONA,2012,15001.0,0,1,0 - 20000,F,Seventies,SOUTH KOREA,Gambling Cage Workers,3
KIA,SEDONA,2006,10001.0,0,1,20001 - 40000,U,Thirties,SOUTH KOREA,Models,3
KIA,SEDONA,2012,15001.0,0,1,40001 - 60000,M,Forties,SOUTH KOREA,Prepress Technicians and Workers,3
KIA,SEDONA,2006,10001.0,1,1,20001 - 40000,F,Thirties,SOUTH KOREA,Forest and Conservation Workers,3
KIA,SEDONA,2010,10001.0,0,0,?,M,Forties,SOUTH KOREA,"Woodworking Machine Setters, Operators, and Tenders",3
KIA,SEDONA,2007,10001.0,0,1,40001 - 60000,U,Thirties,SOUTH KOREA,Terrazzo Workers and Finishers,3
KIA,SEDONA,2009,10001.0,0,1,120001 - 140000,M,Fifties,SOUTH KOREA,Marketing and Sales Managers,3
KIA,SEDONA,2008,10001.0,1,1,40001 - 60000,F,Thirties,SOUTH KOREA,Structural Metal Fabricators and Fitters,3
KIA,RONDO,2008,10001.0,1,1,0 - 20000,M,Fifties,SOUTH KOREA,Shoe and Leather Workers and Repairers,3
KIA,SEDONA,2012,15001.0,1,1,60001 - 80000,M,Forties,SOUTH KOREA,"Electrical and Electronics Installers and Repairers, Transportation Equipment",3
KIA,SEDONA,2005,10001.0,0,1,0 - 20000,F,Sixties,SOUTH KOREA,Building and Grounds Cleaning and Maintenance Occupations,3
KIA,RONDO,2008,10001.0,1,0,20001 - 40000,F,Fifties,SOUTH KOREA,Residential Advisors,3
KIA,RONDO,2007,10001.0,0,1,60001 - 80000,F,Thirties,SOUTH KOREA,"Calibration Technologists and Technicians and Engineering Technologists and Technicians, Except Drafters, All Other",3
KIA,SEDONA,2008,10001.0,0,1,20001 - 40000,F,Forties,SOUTH KOREA,Coaches and Scouts,3
KIA,RONDO,2007,5001.0,0,1,20001 - 40000,F,Forties,SOUTH KOREA,Animal Control Workers,3
KIA,RONDO,2009,5001.0,0,1,0 - 20000,F,Fifties,SOUTH KOREA,"Library Assistants, Clerical",3
KIA,SEDONA,2011,15001.0,0,0,60001 - 80000,M,Forties,SOUTH KOREA,Commercial and Industrial Designers,3
KIA,SEDONA,2008,15001.0,1,1,60001 - 80000,M,Forties,SOUTH KOREA,"Nursing Instructors and Teachers, Postsecondary",3
KIA,SEDONA,2012,15001.0,0,0,?,M,Forties,SOUTH KOREA,Helpers--Roofers,3
KIA,SEDONA,2008,10001.0,0,0,0 - 20000,M,Thirties,SOUTH KOREA,Parts Salespersons,3
KIA,SEDONA,2012,15001.0,0,1,20001 - 40000,F,Sixties,SOUTH KOREA,Library Technicians,3
KIA,SEDONA,2010,10001.0,1,1,40001 - 60000,M,Forties,SOUTH KOREA,Curators,3
KIA,SEDONA,2010,15001.0,1,1,40001 - 60000,M,Thirties,SOUTH KOREA,"Underground Mining Machine Operators and Extraction Workers, All Other",3
KIA,SEDONA,2004,5001.0,1,1,40001 - 60000,U,Fifties,SOUTH KOREA,"Chemical Processing Machine Setters, Operators, and Tenders",3
KIA,SEDONA,2011,15001.0,0,1,20001 - 40000,F,Fifties,SOUTH KOREA,Retail Salespersons,3
KIA,SEDONA,2009,15001.0,1,1,80001 - 100000,M,Thirties,SOUTH KOREA,"Sales Representatives, Wholesale and Manufacturing, Technical and Scientific Products",3
KIA,SEDONA,2006,10001.0,0,0,?,F,Forties,SOUTH KOREA,Shoe and Leather Workers,3
KIA,RONDO,2008,10001.0,0,1,20001 - 40000,F,Thirties,SOUTH KOREA,Bakers,3
KIA,SEDONA,2007,10001.0,1,1,40001 - 60000,F,Thirties,SOUTH KOREA,Forensic Science Technicians,3
KIA,RONDO,2009,10001.0,0,0,20001 - 40000,F,Sixties,SOUTH KOREA,Fiberglass Laminators and Fabricators,3
KIA,RONDO,2009,10001.0,0,1,0 - 20000,F,Sixties,SOUTH KOREA,"Substitute Teachers, Short-Term",3
KIA,SEDONA,2012,15001.0,1,0,?,M,Sixties,SOUTH KOREA,Motorcycle Mechanics,3
KIA,SEDONA,2008,10001.0,1,1,20001 - 40000,F,Thirties,SOUTH KOREA,"Helpers--Installation, Maintenance, and Repair Workers",3
KIA,SEDONA,2009,10001.0,0,1,40001 - 60000,M,Forties,SOUTH KOREA,"Production, Planning, and Expediting Clerks",3
KIA,SEDONA,2012,15001.0,0,1,100001 - 120000,M,Forties,SOUTH KOREA,Miscellaneous Physical Scientists,3
KIA,SEDONA,2012,20001.0,0,1,40001 - 60000,M,Sixties,SOUTH KOREA,Insurance Claims and Policy Processing Clerks,3
KIA,SEDONA,2007,10001.0,0,1,20001 - 40000,F,Thirties,SOUTH KOREA,Receptionists and Information Clerks,3
KIA,SEDONA,2012,15001.0,1,1,40001 - 60000,F,Forties,SOUTH KOREA,Engine and Other Machine Assemblers,3
KIA,RONDO,2008,10001.0,1,1,60001 - 80000,M,Forties,SOUTH KOREA,Web Developers and Digital Interface Designers,3
KIA,SEDONA,2006,10001.0,1,1,40001 - 60000,M,Twenties,SOUTH KOREA,"Model Makers, Metal and Plastic",3
KIA,SEDONA,2008,10001.0,0,1,100001 - 120000,M,Forties,SOUTH KOREA,Industrial Production Managers,3
KIA,RONDO,2009,15001.0,0,1,20001 - 40000,F,Thirties,SOUTH KOREA,Residential Advisors,3
KIA,SEDONA,2011,15001.0,0,0,40001 - 60000,M,Thirties,SOUTH KOREA,"First-Line Supervisors of Landscaping, Lawn Service, and Groundskeeping Workers",3
KIA,RONDO,2009,10001.0,0,1,20001 - 40000,U,Fifties,SOUTH KOREA,Driver/Sales Workers,3
KIA,SEDONA,2012,15001.0,0,1,0 - 20000,M,Sixties,SOUTH KOREA,"Cutters and Trimmers, Hand",3
KIA,RONDO,2007,10001.0,0,1,40001 - 60000,F,Thirties,SOUTH KOREA,First-Line Supervisors of Office and Administrative Support Workers,3
KIA,SEDONA,2010,15001.0,1,0,?,F,Forties,SOUTH KOREA,Supervisors of Transportation and Material Moving Workers,3
KIA,SEDONA,2008,15001.0,0,0,?,U,Sixties,SOUTH KOREA,Hoist and Winch Operators,3
KIA,RONDO,2007,5001.0,0,1,20001 - 40000,F,Twenties,SOUTH KOREA,Industrial Truck and Tractor Operators,3
KIA,SEDONA,2012,15001.0,0,0,?,M,Thirties,SOUTH KOREA,Medical and Health Services Managers,3
KIA,SEDONA,2010,10001.0,1,1,20001 - 40000,F,Forties,SOUTH KOREA,Order Clerks,3
KIA,SEDONA,2009,15001.0,1,0,?,M,Fifties,SOUTH KOREA,Human Resources Managers,3
KIA,SEDONA,2007,5001.0,0,1,20001 - 40000,M,Fifties,SOUTH KOREA,Residential Advisors,3
KIA,RONDO,2008,10001.0,1,0,?,M,Thirties,SOUTH KOREA,Security Guards and Gambling Surveillance Officers,3
KIA,SEDONA,2005,5001.0,1,1,60001 - 80000,M,Forties,SOUTH KOREA,Police Officers,3
KIA,SEDONA,2012,15001.0,1,0,0 - 20000,M,Fifties,SOUTH KOREA,"Library Assistants, Clerical",3
KIA,SEDONA,2007,10001.0,1,1,20001 - 40000,U,Thirties,SOUTH KOREA,Other Office and Administrative Support Workers,3
KIA,SEDONA,2011,15001.0,0,0,?,U,Thirties,SOUTH KOREA,"Mail Clerks and Mail Machine Operators, Except Postal Service",3
KIA,SEDONA,2011,15001.0,0,1,100001 - 120000,F,Fifties,SOUTH KOREA,Mathematicians,3
KIA,SEDONA,2004,5001.0,1,1,0 - 20000,F,Thirties,SOUTH KOREA,Building Cleaning Workers,3
KIA,SEDONA,2009,10001.0,0,1,60001 - 80000,M,Thirties,SOUTH KOREA,Respiratory Therapists,3
KIA,RONDO,2009,10001.0,0,0,20001 - 40000,M,Fifties,SOUTH KOREA,Retail Salespersons,3
KIA,RONDO,2008,10001.0,0,1,0 - 20000,U,Thirties,SOUTH KOREA,Miscellaneous Motor Vehicle Operators,3
KIA,SEDONA,2008,10001.0,0,1,0 - 20000,F,Forties,SOUTH KOREA,"Motor Vehicle Operators, All Other",3
KIA,SEDONA,2012,20001.0,0,1,60001 - 80000,M,Thirties,SOUTH KOREA,Dietitians and Nutritionists,3
KIA,RONDO,2008,10001.0,1,0,20001 - 40000,F,Twenties,SOUTH KOREA,Printing Press Operators,3
KIA,RONDO,2008,10001.0,1,1,40001 - 60000,M,Forties,SOUTH KOREA,Set and Exhibit Designers,3
KIA,SEDONA,2007,10001.0,0,0,?,M,Sixties,SOUTH KOREA,"Credit Authorizers, Checkers, and Clerks",3
KIA,SEDONA,2008,10001.0,1,1,40001 - 60000,M,Twenties,SOUTH KOREA,"Human Resources Assistants, Except Payroll and Timekeeping",3
KIA,SEDONA,2007,10001.0,1,1,20001 - 40000,M,Thirties,SOUTH KOREA,"Substitute Teachers, Short-Term",3
KIA,SEDONA,2006,10001.0,1,1,20001 - 40000,M,Twenties,SOUTH KOREA,Print Binding and Finishing Workers,3
KIA,RONDO,2007,10001.0,1,1,60001 - 80000,M,Fifties,SOUTH KOREA,Web Developers and Digital Interface Designers,3
KIA,SEDONA,2012,15001.0,1,1,140001 - 160000,M,Forties,SOUTH KOREA,Architectural and Engineering Managers,3
KIA,SEDONA,2012,15001.0,0,1,80001 - 100000,M,Thirties,SOUTH KOREA,Power Plant Operators,3
KIA,SEDONA,2010,10001.0,1,1,40001 - 60000,M,Thirties,SOUTH KOREA,Water Transportation Workers,3
KIA,SEDONA,2008,10001.0,1,1,40001 - 60000,M,Fifties,SOUTH KOREA,Tapers,3
KIA,SEDONA,2010,15001.0,0,1,0 - 20000,F,Fifties,SOUTH KOREA,Automotive and Watercraft Service Attendants,3
KIA,SEDONA,2007,15001.0,1,1,40001 - 60000,M,Thirties,SOUTH KOREA,"Educational, Guidance, and Career Counselors and Advisors",3
KIA,RONDO,2009,10001.0,1,1,20001 - 40000,F,Sixties,SOUTH KOREA,Pest Control Workers,3
KIA,RONDO,2008,10001.0,0,1,80001 - 100000,F,Twenties,SOUTH KOREA,Materials Engineers,3
KIA,SEDONA,2012,15001.0,1,0,?,M,Fifties,SOUTH KOREA,Farm and Home Management Educators,3
KIA,RONDO,2007,10001.0,0,1,40001 - 60000,F,Thirties,SOUTH KOREA,Extraction Workers,3
KIA,SEDONA,2012,10001.0,1,0,20001 - 40000,M,Twenties,SOUTH KOREA,Pipelayers,3
KIA,SEDONA,2012,20001.0,0,0,?,U,Thirties,SOUTH KOREA,"Directors, Religious Activities and Education",3
KIA,RONDO,2009,10001.0,0,1,20001 - 40000,F,Fifties,SOUTH KOREA,Other Protective Service Workers,3
KIA,RONDO,2009,10001.0,0,0,?,F,Forties,SOUTH KOREA,Genetic Counselors,3
KIA,SEDONA,2011,15001.0,0,1,40001 - 60000,M,Forties,SOUTH KOREA,Firefighters,3
KIA,SEDONA,2012,15001.0,0,1,0 - 20000,F,Sixties,SOUTH KOREA,Cleaners of Vehicles and Equipment,3
KIA,SEDONA,2011,15001.0,0,0,20001 - 40000,M,Twenties,SOUTH KOREA,Miscellaneous Assemblers and Fabricators,3
KIA,SEDONA,2005,5001.0,1,1,20001 - 40000,F,Twenties,SOUTH KOREA,Foundry Mold and Coremakers,3
KIA,SEDONA,2009,10001.0,1,1,0 - 20000,M,Sixties,SOUTH KOREA,Other Educational Instruction and Library Occupations,3
KIA,SEDONA,2006,5001.0,1,1,40001 - 60000,M,Fifties,SOUTH KOREA,Postal Service Workers,3
KIA,SEDONA,2007,15001.0,0,1,20001 - 40000,M,Forties,SOUTH KOREA,"Athletes, Coaches, Umpires, and Related Workers",3
KIA,SEDONA,2010,15001.0,0,1,20001 - 40000,U,Forties,SOUTH KOREA,"Sewers, Hand",3
KIA,RONDO,2008,10001.0,0,1,20001 - 40000,U,Sixties,SOUTH KOREA,"School Bus Monitors and Protective Service Workers, All Other",3
KIA,SEDONA,2008,10001.0,0,1,40001 - 60000,M,Thirties,SOUTH KOREA,Surveying and Mapping Technicians,3
KIA,SEDONA,2009,10001.0,0,1,40001 - 60000,M,Thirties,SOUTH KOREA,Carpenters,3
KIA,SEDONA,2012,15001.0,0,1,60001 - 80000,M,Thirties,SOUTH KOREA,Radiologic Technologists and Technicians,3
KIA,SEDONA,2008,10001.0,1,1,40001 - 60000,M,Twenties,SOUTH KOREA,"Painters, Construction and Maintenance",3
KIA,SEDONA,2006,10001.0,1,0,0 - 20000,F,Fifties,SOUTH KOREA,"Teaching Assistants, Except Postsecondary",3
KIA,SEDONA,2004,10001.0,1,1,40001 - 60000,M,Twenties,SOUTH KOREA,"Welding, Soldering, and Brazing Workers",3
KIA,RONDO,2008,10001.0,1,1,40001 - 60000,F,Forties,SOUTH KOREA,"Bookkeeping, Accounting, and Auditing Clerks",3
KIA,SEDONA,2012,15001.0,1,0,?,F,Fifties,SOUTH KOREA,"Rolling Machine Setters, Operators, and Tenders, Metal and Plastic",3
KIA,RONDO,2007,10001.0,1,1,200001+,U,Forties,SOUTH KOREA,Family Medicine Physicians,3
KIA,SEDONA,2005,5001.0,0,1,40001 - 60000,M,Forties,SOUTH KOREA,"Educational Instruction and Library Workers, All Other",3
KIA,RONDO,2007,10001.0,0,1,20001 - 40000,U,Thirties,SOUTH KOREA,Bartenders,3
KIA,SEDONA,2007,10001.0,1,1,20001 - 40000,M,Thirties,SOUTH KOREA,Gambling Cage Workers,3
KIA,SEDONA,2008,10001.0,1,1,20001 - 40000,F,Fifties,SOUTH KOREA,Helpers--Production Workers,3
KIA,SEDONA,2012,15001.0,1,1,80001 - 100000,M,Thirties,SOUTH KOREA,Marine Engineers and Naval Architects,3
KIA,RONDO,2009,10001.0,1,1,40001 - 60000,M,Fifties,SOUTH KOREA,Paperhangers,3
KIA,SEDONA,2011,20001.0,1,1,100001 - 120000,M,Thirties,SOUTH KOREA,Training and Development Managers,3
KIA,SEDONA,2009,10001.0,1,1,60001 - 80000,F,Fifties,SOUTH KOREA,Aircraft Mechanics and Service Technicians,3
KIA,SEDONA,2011,15001.0,0,1,40001 - 60000,F,Forties,SOUTH KOREA,"Bookkeeping, Accounting, and Auditing Clerks",3
KIA,SEDONA,2008,10001.0,1,1,20001 - 40000,F,Twenties,SOUTH KOREA,"Barbers, Hairdressers, Hairstylists and Cosmetologists",3
KIA,SEDONA,2012,15001.0,0,1,80001 - 100000,M,Fifties,SOUTH KOREA,"Geography Teachers, Postsecondary",3
KIA,RONDO,2008,5001.0,1,1,60001 - 80000,M,Fifties,SOUTH KOREA,First-Line Supervisors of Construction Trades and Extraction Workers,3
KIA,RONDO,2009,10001.0,0,1,40001 - 60000,F,Forties,SOUTH KOREA,Surveying and Mapping Technicians,3
KIA,SEDONA,2003,5001.0,1,1,20001 - 40000,M,Forties,SOUTH KOREA,Dental and Ophthalmic Laboratory Technicians and Medical Appliance Technicians,3
KIA,SEDONA,2009,10001.0,0,1,20001 - 40000,F,Thirties,SOUTH KOREA,"Inspectors, Testers, Sorters, Samplers, and Weighers",3
KIA,RONDO,2008,10001.0,0,1,20001 - 40000,M,Twenties,SOUTH KOREA,Funeral Attendants,3
KIA,SEDONA,2010,10001.0,1,1,20001 - 40000,M,Thirties,SOUTH KOREA,Models,3
KIA,SEDONA,2012,15001.0,1,1,60001 - 80000,M,Thirties,SOUTH KOREA,Compliance Officers,3
KIA,SEDONA,2008,10001.0,0,1,40001 - 60000,F,Thirties,SOUTH KOREA,Home Appliance Repairers,3
KIA,RONDO,2008,10001.0,1,1,20001 - 40000,F,Forties,SOUTH KOREA,Secretaries and Administrative Assistants,3
KIA,RONDO,2007,10001.0,1,1,20001 - 40000,M,Thirties,SOUTH KOREA,"Secretaries and Administrative Assistants, Except Legal, Medical, and Executive",3
KIA,SEDONA,2012,15001.0,1,1,0 - 20000,F,Seventies,SOUTH KOREA,Parts Salespersons,3
KIA,SEDONA,2011,10001.0,1,1,200001+,F,Forties,SOUTH KOREA,Family Medicine Physicians,3
KIA,SEDONA,2006,5001.0,1,1,20001 - 40000,F,Thirties,SOUTH KOREA,Gambling Cage Workers,3
KIA,SEDONA,2012,15001.0,0,1,40001 - 60000,U,Thirties,SOUTH KOREA,"Tax Examiners, Collectors and Preparers, and Revenue Agents",3
